CarrierCode,StdDevDepartureDelay,TotalFlights
AA,2555.882692674957,957
BA,2565.819411592815,1059
LH,2586.2615646284926,986
QF,2596.594171738769,984
SQ,2600.408495159906,997
EK,2614.058995660521,1021
SW,2648.3501269487265,1018
DL,2649.290095732567,986
AF,2652.146633049629,1024
UA,2679.9450549469,968
